circuito,nombre,segundo_nombre,apellido,segundo_apellido,email,partido_politico,sigla,twitter,facebook,instagram,stio_web
1-1,Abel,,Beker,Abrego,,Partido Alianza,PA,,,,
3-1,Dámaso,Reinaldo,García,Villareal,,Partido Alianza,PA,https://twitter.com/damasogv,,,
5-2,Myrtha,Esther,Ortega,Hurtado,,Partido Alianza,PA,,,,
8-5,Ruben,Dario,Frias,Ortega,rfrias@asamblea.gob.pa,Partido Alianza,PA,,,,
8-5,Nubia,Starnes,Polanco,de Icaza,,Partido Alianza,PA,https://twitter.com/nubiastarnes1,,,
8-6,Rafael,,Reyes,,,Partido Alianza,PA,,,,
8-7,Diego,Enrique,Lombana,Franceschi,,Partido Alianza,PA,https://twitter.com/diegolombanafr,,,
8-9,Algis,Teovaldo,Torres,Perez,,Partido Alianza,PA,https://twitter.com/algis_torres,,,
8-10,Jose,,Muñoz,Molina,jmunoz@asamblea.gob.pa,Partido Alianza,PA,https://twitter.com/jmunozm27,,,
8-10,Luis,Alberto,Constante,Martinez,,Partido Alianza,PA,,,,
1-1,Mario,B.,Miller,,mmiller@asamblea.gob.pa,Partido Cambio Democrático,PCD,,,,
1-1,Vicente,,Bowe,Smith,,Partido Cambio Democrático,PCD,,,,
2-2,Raúl,,Hernández,,rhernandez@asamblea.gob.pa,Partido Cambio Democrático,PCD,,,,
2-3,Dana,,Castañeda,,dcastaneda@asamblea.gob.pa,Partido Cambio Democrático,PCD,,,,
2-4,Noriel,,Salerno,Estevez,nsalerno@asamblea.gob.pa,Partido Cambio Democrático,PCD,,https://www.facebook.com/Noriel-Salerno-Estévez-340897696476450/,,
3-1,Mario,Augusto,Lázarus,Navalo,mlazarus@asamblea.gob.pa,Partido Cambio Democrático,PCD,,,,
3-1,Gilberto,Cesar,Flores,Prescott,,Partido Cambio Democrático,PCD,https://twitter.com/pollospiccolino,,,
3-1,Leopoldo,Luis,Benedetti,Milligan,,Partido Cambio Democrático,PCD,,,,
3-2,Nelson,,Jackson,Palma,njackson@asamblea.gob.pa,Partido Cambio Democrático,PCD,,,,
4-1,René,,Caballero,Aguirre,,Partido Cambio Democrático,PCD,,https://www.facebook.com/pg/Rene-Mompirry-Caballero-180447215465987/about/,,
4-1,Aixa,Itzel,Santamaría,Muñoz,,Partido Cambio Democrático,PCD,,,,
4-3,Rony,Ronald,Araúz,Gonzales,rrarauz@asamblea.gob.pa,Partido Cambio Democrático,PCD,https://twitter.com/arauzrony,https://www.facebook.com/rrarauz,,
5-1,Arnulfo,,Díaz,de León,,Partido Cambio Democrático,PCD,,,,
5-2,Salvador,,Real,Chen,sreal@asamblea.gob.pa,Partido Cambio Democrático,PCD,,,,
6-1,Manuel,,Cohen,Salerno,mcohen@asamblea.gob.pa,Partido Cambio Democrático,PCD,,,,
7-1,Carlos,Agustin,Afú,Decerega,cafu@asamblea.gob.pa,Partido Cambio Democrático,PCD,,,,
7-2,Mariela,del Carmen,Vega,Donoso,mvega@asamblea.gob.pa,Partido Cambio Democrático,PCD,,,,
8-1,Marylín,,Vallarino,de Sellhorn,mvallarino@asamblea.gob.pa,Partido Cambio Democrático,PCD,https://twitter.com/maryvallarino,https://www.facebook.com/marylin.vallarino.9/about?lst=517318265%3A100005499761077%3A1547140276&section=overview,,
8-1,Ricardo,Alejandro,Valencia,Arias,,Partido Cambio Democrático,PCD,https://twitter.com/valenciarica,,,
8-1,César,Noel,Bernal,Jiménez,,Partido Cambio Democrático,PCD,,,,
8-2,Yanibel,,Abrego,Smith,yabrego@asamblea.gob.pa,Partido Cambio Democrático,PCD,https://twitter.com/yanibel_abrego,https://www.facebook.com/pg/yanibelabrego/about/?ref=page_internal,,
8-5,Aristides,,de Icaza,Hidalo,adeicaza@asamblea.gob.pa,Partido Cambio Democrático,PCD,,,,
8-5,Yuzaida,Andrea,Marín,Nateron de Aguilar,,Partido Cambio Democrático,PCD,,https://www.facebook.com/yuzaidadiputada/,,
8-6,Dalia,,Bernal,Yañez,dbernal@asamblea.gob.pa,Partido Cambio Democrático,PCD,https://twitter.com/dalia_bernal,,,
8-6,Héctor,,Valdés,Carrasquilla,hvaldes@asamblea.gob.pa,Partido Cambio Democrático,PCD,https://twitter.com/hvcarrasquilla,https://www.facebook.com/cdhectorvaldes.carrasquilla,,
8-6,Víctor,,Córdoba,Valencia,,Partido Cambio Democrático,PCD,,,,
8-6,Marcos,Aurelio,González,González,,Partido Cambio Democrático,PCD,https://twitter.com/hdmagonzalez,https://www.facebook.com/Marcos-González-González-1983275238554891/,,
8-6,Luis,Eduardo,Camacho,Castro,,Partido Cambio Democrático,PCD,https://twitter.com/camachocastro, https://www.facebook.com/CamachoCastroLuis/,,
8-7,Sergio,Rafael,Galvez,Evers,sgalvez@asamblea.gob.pa,Partido Cambio Democrático,PCD,,,,
8-7,Patrick,Kevin,Fahy,Espinosa,patrick@patrickporpanama.com,Partido Cambio Democrático,PCD,,https://www.facebook.com/pg/patrickporpanama/about/?ref=page_internal,,
8-7,Gina,Larissa,Correa,Hils de Picota,,Partido Cambio Democrático,PCD,https://twitter.com/ginacorrea16,,,
8-8,Fernando,Guillermo,Carillo,Silvestri,fcarrillo@asamblea.gob.pa,Partido Cambio Democrático,PCD,,,,
8-8,Ricardo,Alberto,Martinelli,Berrocal,,Partido Cambio Democrático,PCD,https://twitter.com/rmartinelli,https://www.facebook.com/profile.php?id=100009778996150,,
8-8,Miguel,Ángel,Gallardo,Ferrer,,Partido Cambio Democrático,PCD,https://twitter.com/sumatepty,https://www.facebook.com/miguelgallardoferrer,,
8-8,Alejandro,,Pérez,Saldaña,,Partido Cambio Democrático,PCD,https://twitter.com/alejandrop_pty,,,
8-9,Vidal,,García,,vgarcia@asamblea.gob.pa,Partido Cambio Democrático,PCD,https://twitter.com/vidalgarciau,,,
8-9,Arturo,,Vallarino,,,Partido Cambio Democrático,PCD,https://twitter.com/arturovallarino,https://www.facebook.com/arturovallarino/about?lst=517318265%3A790324651%3A1547147688,,
8-9,Ariel,Ulises,Vallarino,Aparicio,,Partido Cambio Democrático,PCD,,,,
8-10,Edwin,,Alberto,Zúñiga,ezuniga@asamblea.gob.pa,Partido Cambio Democrático,PCD,https://twitter.com/edwinz2014,https://www.facebook.com/edwin.a.zuniga1,,
8-10,Alaín,Albenis,Cedeño,Herrera,alaindiputado2019@gmail.com,Partido Cambio Democrático,PCD,https://twitter.com/alaindiputado19,https://www.facebook.com/alaindiputado2019,,https://alaindiputado2019.es.tl
8-10,Kenia,Omaria,Aparicio,Aguilar,,Partido Cambio Democrático,PCD,,,,
9-1,Samid,Dan,Sandoval,Cisneros,,Partido Cambio Democrático,PCD,https://twitter.com/samidsandoval,https://www.facebook.com/samiddan.sandoval/,,
9-2,Héctor,Eduardo,Aparicio,Díaz,haparicio@asamblea.gob.pa,Partido Cambio Democrático,PCD,,,,
9-3,Marcelo,Augusto,Pérez,García,,Partido Cambio Democrático,PCD,,,,
9-4,Juan,Manuel,Poveda,Guevara,jpoveda@asamblea.gob.pa,Partido Cambio Democrático,PCD,https://twitter.com/chinpoveda,,,
10-1,Juan,Antonio,Martínez,Díaz,,Partido Cambio Democrático,PCD,,,,
10-2,Absalón,,Herrera,Garcia,aherrera@asamblea.gob.pa,Partido Cambio Democrático,PCD,,,,
12-1,Leopoldo,Angelino,Archibold,Hooker,,Partido Cambio Democrático,PCD,,,,
12-2,Urraca,Camilo,Ortega,Arenas,,Partido Cambio Democrático,PCD,,,,
12-3,César,Alfredo,Pineda,Rodríguez,,Partido Cambio Democrático,PCD,,,,
1-1,Ubaldo,Antonio,Vallejos,Ramirez,,Partido Panameñista,PP,https://twitter.com/vallejosdeleon,,,
1-1,Joel,Armando,Mogoruza,Vásquez,,Partido Panameñista,PP,https://twitter.com/joelmogoruza,,,
2-1,Jorge,Iván,Arrocha,Rosario,jarrocha@asamblea.gob.pa,Partido Panameñista,PP,https://twitter.com/diputadoarrocha,,,
2-2,Ricardo,Alberto,Solis,Ponce,,Partido Panameñista,PP,https://twitter.com/ricardosolispon,,,
3-1,Ariana,Eleida,Young,Carvajal de Policani,arianalyma@gmail.com,Partido Panameñista,PP,https://twitter.com/aripolicani,https://www.facebook.com/pg/aripolicani/about/?ref=page_internal,https://www.instagram.com/aripolicani/,http://www.aripolicani.com/?fbclid=IwAR10wlAbTUxxBDGoXeTjeaetveGzXlYktaBvPIv1RZZtN4dxSxRrGEnaEQM
3-1,Miguel,Lorenzo,Salas,Oglesby,msalas@asamblea.gob.pa,Partido Panameñista,PP,,,,
4-1,Carmen,,de Trujillo,,,Partido Panameñista,PP,,,,
4-1,Hugo,Nodier,Méndez,Lizondro,,Partido Panameñista,PP,https://twitter.com/hugomendezl04,,,
4-2,Everardo,,Concepción,Santamaría,,Partido Panameñista,PP,,,,
4-3,José,Luis,Castillo,Gomez,jlcastillo@asamblea.gob.pa,Partido Panameñista,PP,https://twitter.com/pepecastillo25,https://www.facebook.com/pg/HDPepeCastillo/about/?ref=page_internal,https://www.instagram.com/pepecastillo25/,
4-3,Carlos,Manuel,Araúz,,,Partido Panameñista,PP,,https://www.facebook.com/carlos.arauz.921?__tn__=K-R&eid=ARCasNs6eKdtlulwxHcVAhn-luSiYD1vfWKOrQvJEzC0o5MallSwjgDczTPG5gIrZSvTMquBqo0GTtQ-&fref=mentions&__xts__[0]=68.ARAHvBUrTH04ge4ATlskpg9dQLnKiY-FvkWsk7ckOQDX1W4XClQPrbwScdexomyikHBxiIt-QRYx8UKVMIZedULUUNB7vmVF4z9bgtspTB8uqd3f1USx-1AeknVuLXOZSfvY1d7dIlY7yWlL2GtMvAt3p_uCSZHiOlHVfnexUOmFcUMX-p9KgL3tnDpmukycH5Ii8Fo-UXxpLyg3vQPqYR5qVjn7B2WoEntGm7ZALezLu7zeY0Kby6wGHGnaGIi6KRAv5T8finqLFGNhMu_yi0IeU5t-DhchJtxVbTlPeXrzKkRFBwlF2HH1paE0diGPI0BvQ_wBDYNcA_nAXdxFIS4,,
4-4,Juan,Bautista,Serrano,Jimenez,jserrano@asamblea.gob.pa,Partido Panameñista,PP,,,,
4-6,Jorge,Alberto,Rosas,Rodríguez,jarosas@asamblea.gob.pa,Partido Panameñista,PP,https://twitter.com/rosasjorgea,,https://www.instagram.com/rosasjorgea/,
6-2,José,Luis,Varela,Rodríguez,jvarela@asamblea.gob.pa,Partido Panameñista,PP,https://twitter.com/varelapopi,,,
8-1,Marquelda,Rodríguez,Herrero,de Gonzalez,,Partido Panameñista,PP,,,,
8-1,Gabriel,,Soto,Martínez,gsoto@asamblea.gob.pa,Partido Panameñista,PP,https://twitter.com/pankysoto,https://www.facebook.com/pankysotooficial/,https://www.instagram.com/pankysoto/,http://www.pankysoto.com
8-1,Yesenia,Esther,Rodríguez,Flores,,Partido Panameñista,PP,https://twitter.com/yeseniarraijan,https://www.facebook.com/yeseniarraijan/,,
8-5,Aaron,Eprhaim,Ramos,Muñoz,,Partido Panameñista,PP,https://twitter.com/aaronramos22,,,
8-5,Arturo,José,Velarde,Escudero,,Partido Panameñista,PP,https://twitter.com/arturovelarde17,https://www.facebook.com/arturo.velarde.12,,
8-6,Víctor,Raúl,Medina,González,,Partido Panameñista,PP,https://twitter.com/vicrmedina,,,
8-6,José,Antonio,Serracín,Silvera,,Partido Panameñista,PP,https://twitter.com/tono_serracin,,https://www.instagram.com/tsteamoficial/,
8-6,José,Antonio,Dominguez,Alvarez,jdominguez@asamblea.gob.pa,Partido Panameñista,PP,https://twitter.com/08jada23,,,
8-6,Itzi,Nailyn,Atencio,González,,Partido Panameñista,PP,https://twitter.com/atencioitzi,,,
8-7,Julio,,Pon,Chow,,Partido Panameñista,PP,,,,
8-7,Jaime,Alberto,Jácome,de la Guardia,,Partido Panameñista,PP,,https://www.facebook.com/jaimejacomediputado87/,,
8-7,Germán,Jaime,Sánchez,Mosquera,,Partido Panameñista,PP,,,,
8-7,Carlos,Eduardo,González,Mosquera,,Partido Panameñista,PP,https://twitter.com/carlosgonz8_7,https://www.facebook.com/carlosgonz87/,https://www.instagram.com/Carlosgonz8_7/,http://carlosgonzalez87.com
8-8,Orlando,Abdiel,Medina,Almanza,,Partido Panameñista,PP,,https://www.facebook.com/OrlandoMedinaDiputado2019/,,
8-8,Chris,Marie,Maldonado,Brow de Herrera,,Partido Panameñista,PP,https://twitter.com/chrisherrera5,,,https://www.chrismarieherrera.com
8-8,Carlos,Alberto,Duboy,Sierra,,Partido Panameñista,PP,https://twitter.com/duboycarlos,,,
8-8,Luis,Eduardo,Quirós,Bernal,lquiros@asamblea.gob.pa,Partido Panameñista,PP,,,,
8-9,Luis,Alexander,Barría,Moscoso,lbarria@asamblea.gob.pa,Partido Panameñista,PP,https://twitter.com/hdluisbarria,,,
8-10,Orlando,,Perez,,,Partido Panameñista,PP,https://twitter.com/orlandoperez192,,,
8-10,Katleen,Nyree,Levy,García,klevy@asamblea.gob.pa,Partido Panameñista,PP,https://twitter.com/KatleenLevyG,https://www.facebook.com/pg/KatleenLevyGarcia/about/,,
8-10,Elias,Alberto,Vigil,Pérez,,Partido Panameñista,PP,,,https://www.instagram.com/eliasvigilp/,
9-1,Josué,Trotman,González,,,Partido Panameñista,PP,,https://www.facebook.com/pg/LaCaraNuevadeSantiago/posts/,,
9-2,Danis,Mireya,Montemayor,Cedeño,,Partido Panameñista,PP,,https://www.facebook.com/pg/MMontemayorC/about/,,
9-3,Francisco,Javier,Brea,Tristán,,Partido Panameñista,PP,,,,
9-4,Doctor,Rolando,Rafael,Torres de León,,Partido Panameñista,PP,,,,
12-1,Roberto,,Archibold,Chuito,,Partido Panameñista,PP,,,,
12-3,Elvia,,Jimenez,Ortega,,Partido Panameñista,PP,,,,
1-1,Abel,,Taylor,Guerra,,Partido Panameñista,PP,,,,
1-1,Ignacio,Jesús,Navarro,Acosta,,Partido Panameñista,PP,,,,
2-1,Romel,Anibal,Quirós,Fernández,,Partido Panameñista,PP,,,,
6-3,Juan,Miguel,Rios,Gonzalez,jrios@asamblea.gob.pa,Partido Panameñista,PP,,,,
8-4,Luis,Enrique,Diaz,Sanchez,,Partido Panameñista,PP,,,,
8-6,José,Enrique,Machuca,AraúZ,,Partido Panameñista,PP,,,,
8-6,Guillermo,Enrique,Escobar,ÁLvarez,,Partido Panameñista,PP,https://twitter.com/memo_escobara,,,
8-6,Felipe,Nery,Velásquez,Bacca,,Partido Panameñista,PP,,,,
8-6,Daniel,Enríquez,Evans,Linares,,Partido Panameñista,PP,,,,
8-6,María,Carlo,Andrión,Ávila,,Partido Panameñista,PP,,,,
8-7,Jorge,Hernán,Rubio,Carrera,jhrubio@rasalaw.com,Partido Panameñista,PP,https://twitter.com/jhrubio,,,
8-7,Dionisio,,Ibarra,,,Partido Panameñista,PP,https://twitter.com/ibarradionisio,,,
8-7,Giovanni,,Mastellari,Watson,,Partido Panameñista,PP,https://twitter.com/Mastellari8_7,https://www.facebook.com/Mastellari87/photos/a.2034724989928607/2086064574794648/?type=3,,
8-7,Máximo,Antonio,Madariaga,Ameglio,,Partido Panameñista,PP,,https://www.facebook.com/max.madariagaameglio/about?lst=517318265%3A587292544%3A1547055826&section=overview,,
8-8,Juan,Alberto,Pascual,Sosa,juanpascual2019@gmail.com,Partido Panameñista,PP,https://twitter.com/juanpascual2019,,,https://www.juanpascual2019.com
8-8,Guillermo,Alberto,Cochez,Farrugia,gcochez@cableonda.net,Partido Panameñista,PP,https://twitter.com/willycochez,https://www.facebook.com/pg/willycochezf/about/?ref=page_internal,,http://guillermocochez.com/?fbclid=IwAR1Ltn-85P14eIjksXMcWdxN1BZtAvLhP5uo2r1nGLH7GoElaHLvRwEBpJQ
8-8,Guillermo,,LeBlanc,González,guillermoleblancgonzalez@gmail.com,Partido Panameñista,PP,https://twitter.com/GmoLeBlanc,https://www.facebook.com/pg/GuillermoLeBlancGonzalez/posts/,,
8-8,Cristian,,Abrego,Swiderek,crisabrego04@gmail.com,Partido Panameñista,PP,https://twitter.com/crist_abrego,https://www.facebook.com/cristabrego/,,
8-8,Berta,,García,Hangs de Guerrero,,Partido Panameñista,PP,,,,
8-9,Ceferino,,Rodríguez,Espinosa,,Partido Panameñista,PP,,,,
8-10,Cirilo,,Salas,Lemos,,Partido Panameñista,PP,https://twitter.com/SalasLemos,,,
8-10,Edgar,Alberto,Pérez,Escarriola,,Partido Panameñista,PP,,,,
12-2,Marcos,,Santiago,Montezuma,,Partido Panameñista,PP,,,,
1-1,Benicio,Enacio,Robinson,Grajales,brobinson@asamblea.gob.pa,Partido Revolucionario Democrático,PRD,https://twitter.com/beniciorobinson,https://www.facebook.com/BenicioRobinson/,,
2-1,Nestor,Antonio,Guardia,Jaen,nguardia@asamblea.gob.pa,Partido Revolucionario Democrático,PRD,https://twitter.com/hdtinguardia,,,
2-1,Daniel,Ramos,Tuñon,,,Partido Revolucionario Democrático,PRD,,,,
2-2,Melchor,Herrera,Espinosa,,,Partido Revolucionario Democrático,PRD,https://twitter.com/mherrera3,,,
2-4,Ernesto,Amado,Villarreal,,,Partido Revolucionario Democrático,PRD,,,,
3-1,Irasema,,Ayarza,Parra de Dale,iayarza@asamblea.gob.pa,Partido Revolucionario Democrático,PRD,,https://www.facebook.com/iracema.dedale,,
3-1,Jairo,Ariel,Salazar,Ramirez,,Partido Revolucionario Democrático,PRD,https://twitter.com/JairoBolotaC3,,,
3-1,Mariano,,López,Amador,,Partido Revolucionario Democrático,PRD,,,,
4-1,Francisco,,Vigil,Chavarría,,Partido Revolucionario Democrático,PRD,,,,
4-1,Fernando,Ariel,Arce,Mendizabal,,Partido Revolucionario Democrático,PRD,,,,
4-2,Samuel,Salomón,Bardayan,Rivera,,Partido Revolucionario Democrático,PRD,https://twitter.com/bardayansammy,https://www.facebook.com/pg/Sammybardayan/posts/,,
4-3,Juan,Alberto,Esquivel,Santamaría,,Partido Revolucionario Democrático,PRD,,https://www.facebook.com/pg/Dr.JuanEsquivel/about/?ref=page_internal,,
4-4,Gonzalo,Gaspar,González,Mendizabal,,Partido Revolucionario Democrático,PRD,,,,
8-1,Rosa,Canto,Atencio,Diaz,rcanto@asamblea.gob.pa,Partido Revolucionario Democrático,PRD,https://twitter.com/rosacanto03,https://www.facebook.com/rosa.c.atencio,,
8-1,Kayra,,Harding,Tejada,,Partido Revolucionario Democrático,PRD,,https://www.facebook.com/kayraharding22,,
8-1,Rogelio,Enrique,Paredes,Robles,,Partido Revolucionario Democrático,PRD,https://twitter.com/rparedesrobles,,,
8-4,Alfredo,Víctor,Pérez,Díaz,aperez@asamblea.gob.pa,Partido Revolucionario Democrático,PRD,,,,
8-5,Roberto,Antonio,Ayala,,rayala@asamblea.gob.pa,Partido Revolucionario Democrático,PRD,https://twitter.com/ayaladiputado,,,
8-5,Roberto,,Ábrego,Torres,,Partido Revolucionario Democrático,PRD,https://twitter.com/robertoabregot,,,
8-5,Susana,Eugenia,Richa,Humbert de Torrijos,,Partido Revolucionario Democrático,PRD,https://twitter.com/susanarichat,https://www.facebook.com/susanaricha.detorrijos,,
8-6,Leandro,,Ávila,,lavila@asamblea.gob.pa,Partido Revolucionario Democrático,PRD,https://twitter.com/leandroavilaprd,https://www.facebook.com/LeandroAvilaPRD/,,
8-6,Zulay,Leyset,Rodriguez,Lu de Testa,zrodriguez@asamblea.gob.pa,Partido Revolucionario Democrático,PRD,https://twitter.com/ZulayRL,,https://www.instagram.com/zulayrodriguezlu/,https://www.zulayrodriguez.com/biografia/
8-6,Raúl,Gilberto,Pineda,Vergara,,Partido Revolucionario Democrático,PRD,https://twitter.com/raulpineda8_6,https://www.facebook.com/raulpineda86/,,
8-6,Agustín,Lara,Díaz,,,Partido Revolucionario Democrático,PRD,https://twitter.com/raulpineda8_6,,,
8-6,Franz,,Von Wever,Guerra,,Partido Revolucionario Democrático,PRD,https://twitter.com/fwever07,https://es-la.facebook.com/franz.wever.9,,
8-7,Crispiano,,Adames,Navarro,cadames@asamblea.gob.pa,Partido Revolucionario Democrático,PRD,https://twitter.com/crispianoan,https://www.facebook.com/pages/category/Politician/Crispiano-Adames-274905758747/,,
8-7,Héctor,,Brands,,hectorbrands@hotmail.com,Partido Revolucionario Democrático,PRD,https://twitter.com/hectorbrands,https://www.facebook.com/hectorbrands2019/,,
8-7,Carla,Brittannia,García,Borace,,Partido Revolucionario Democrático,PRD,https://twitter.com/carlagarciabo,https://www.facebook.com/CarlaGarciaBo/?eid=ARBlrV1f6OkzQnEmfZHd9WXB1489hix_pfVHFsHpeiHc-iCzfRF2WX1FpUgttIbOFy0i1iD7_wafgETu,,https://www.carlagarciabo.com/?fbclid=IwAR39Oyw9WqJhUnGDc8s72Zpwc1Sosz4LxYtqRdO-pNFb-5Y0poiU8K7a7LA
8-7,Ivan,,Picota,,ivanpicotaoficial@gmail.com,Partido Revolucionario Democrático,PRD,https://twitter.com/ivan_picota,https://www.facebook.com/profile.php?id=100005170186279,,
8-8,Javier,Orlando,Órtega,Sánchez,jortega@asamblea.gob.pa,Partido Revolucionario Democrático,PRD,https://twitter.com/votapatacon,,,
8-8,Javier,Franciso,Sucre,Mejía,,Partido Revolucionario Democrático,PRD,https://twitter.com/javiersucre2,https://www.facebook.com/javier.sucre1,,
8-8,Víctor,Manuel,Castillo,Pérez,,Partido Revolucionario Democrático,PRD,,,,
8-8,Vielka,Edith,Oro,Solis de Torrijos,,Partido Revolucionario Democrático,PRD,https://twitter.com/vielkatorrijos,,,
8-9,Yassir,Aboobeker,Purcait,Saborio,,Partido Revolucionario Democrático,PRD,https://twitter.com/yassirpurcait,https://www.facebook.com/yassirpurcait,,
8-9,Alina,Inés,González,córdoba de Cedeño,,Partido Revolucionario Democrático,PRD,,,,
8-10,Diógenes,,Vergara,,dvergara@asamblea.gob.pa,Partido Revolucionario Democrático,PRD,,,,
8-10,Cenobia,Haydee,Vargas,Grajales de Obregón,,Partido Revolucionario Democrático,PRD,https://twitter.com/cenobiavargas1,https://www.facebook.com/pages/category/Artist/Cenobia-Haydee-Vargas-1716299408666729/,,
8-10,Juan,Carlos,Arosemena,Valdes,,Partido Revolucionario Democrático,PRD,,https://www.facebook.com/ArosemenaJC/,,
9-1,Luis,Rafael,Cruz,Vargas,,Partido Revolucionario Democrático,PRD,,,,
9-1,Roberto,,García,Cumbrera,info@elchavogarcia.com,Partido Revolucionario Democrático,PRD,https://twitter.com/chavogarciaprd,https://www.facebook.com/pg/ChavoGarcia2019/about/,,https://elchavogarcia.com/?fbclid=IwAR3UUSHUafBa9nnTU5al_gP4y7k6OECDogu-QfNfi-CxQr2l9v_XNP2bUBo
10-2,Arquesio,,Arias,Felix,,Partido Revolucionario Democrático,PRD,,,,
5-1,Pablo,,Vargas,Velasquez,,Partido Revolucionario Democrático,PRD,,,,
5-2,Jaime,Edgardo,Vargas,Centella,,Partido Revolucionario Democrático,PRD,,,,
6-1,Alejandro,M.,Castillero,Pinilla,,Partido Revolucionario Democrático,PRD,,,,
6-2,Julio,H.,Mendoza,Gonzalez,,Partido Revolucionario Democrático,PRD,,,,
6-3,Marcos,E.,Castillero,Barahona,,Partido Revolucionario Democrático,PRD,,,,
7-1,Eric,Ariel,Broce,Espino,,Partido Revolucionario Democrático,PRD,,,,
7-2,Olivares,,Frias,Frias,,Partido Revolucionario Democrático,PRD,,,,
9-2,Ariel,Antonio,Alba,Peñalba,,Partido Revolucionario Democrático,PRD,,,,
9-3,Eugenio,,Bernal,Ortiz,,Partido Revolucionario Democrático,PRD,,,,
9-4,Ricardo,Javier,Torres,Diaz,,Partido Revolucionario Democrático,PRD,,,,
10-1,Petita,Ayarza,Perez,Archibold,,Partido Revolucionario Democrático,PRD,,,,
12-1,Ausencio,,Palacio,Pineda,,Partido Revolucionario Democrático,PRD,,,,
12-2,Jaime,,Pedrol,Guerra,,Partido Revolucionario Democrático,PRD,,,,
12-3,Ricardo,Santo,Montezuma,,,Partido Revolucionario Democrático,PRD,,,,
1-1,Rosa,Araceli,Chavez,de Quiroz,,Movimiento Liberal Republicano Nacionalista,MOLIRENA,,,,
2-1,Victor,Olmedo,Solis,Ramirez,,Movimiento Liberal Republicano Nacionalista,MOLIRENA,,,,
2-4,John,Jairo,De León,Quintero,,Movimiento Liberal Republicano Nacionalista,MOLIRENA,,,,
3-1,Alexis,Leonel,RodríGuez,,,Movimiento Liberal Republicano Nacionalista,MOLIRENA,,,,
3-1,Abel,Antioco,Sánchez,,,Movimiento Liberal Republicano Nacionalista,MOLIRENA,,,,
3-1,Carlos,Manuel,Grenald,SáNchez,,Movimiento Liberal Republicano Nacionalista,MOLIRENA,,,,
4-1,Miguel,Angel,Fanovich,Tijerino,,Movimiento Liberal Republicano Nacionalista,MOLIRENA,,,,
4-3,Pablo,,Vargas,Caballero,,Movimiento Liberal Republicano Nacionalista,MOLIRENA,,,,
5-1,Isaac,,Mosquera,Rivas,,Movimiento Liberal Republicano Nacionalista,MOLIRENA,,,,
6-3,Donal,Abdiel,Osorio,Escobar,,Movimiento Liberal Republicano Nacionalista,MOLIRENA,,,,
7-2,Marcelino,Antonio,Mudarra,Velasquez,,Movimiento Liberal Republicano Nacionalista,MOLIRENA,,,,
8-1,Irving,Manuel,Cervantes,Hidalgo,,Movimiento Liberal Republicano Nacionalista,MOLIRENA,,,,
8-1,Mirta,Yeny,Gonzalez,Magallon,,Movimiento Liberal Republicano Nacionalista,MOLIRENA,,,,
8-1,Franklin,Eladio,Santamaria,CedeñO,,Movimiento Liberal Republicano Nacionalista,MOLIRENA,,,,
8-10,Esteban,Manuel,Rodriguez,Avila,,Movimiento Liberal Republicano Nacionalista,MOLIRENA,,,,
8-10,Honorio,Ojo,Vega,,,Movimiento Liberal Republicano Nacionalista,MOLIRENA,,,,
8-4,Jorge,Luis,Espino,,,Movimiento Liberal Republicano Nacionalista,MOLIRENA,,,,
8-5,Rigoberto,Abdiel,Sanchez,Espinosa,,Movimiento Liberal Republicano Nacionalista,MOLIRENA,,,,
8-5,Simon,Batista,Rodriguez,,,Movimiento Liberal Republicano Nacionalista,MOLIRENA,,,,
8-6,Rudelda,,Guzman,de Díaz,,Movimiento Liberal Republicano Nacionalista,MOLIRENA,,,,
8-6,Esmeralda,,Pinzon,García de Villa,,Movimiento Liberal Republicano Nacionalista,MOLIRENA,,,,
8-6,Mercedes,,Ruiz,Corsio,,Movimiento Liberal Republicano Nacionalista,MOLIRENA,,,,
8-6,Francisco,Jose,Aleman,Mendoza,,Movimiento Liberal Republicano Nacionalista,MOLIRENA,,,,
8-6,Luis,Ricardo,Romero,Marciscano,,Movimiento Liberal Republicano Nacionalista,MOLIRENA,,,,
8-6,Bernardo,,Jaramillo,,,Movimiento Liberal Republicano Nacionalista,MOLIRENA,,,,
8-7,Victor,Manuel,Martinez,CedeñO,,Movimiento Liberal Republicano Nacionalista,MOLIRENA,,,,
8-7,Wendy,Zenith,Goodridge,Murgas de Lazo,,Movimiento Liberal Republicano Nacionalista,MOLIRENA,,,,
8-7,Rogelio,Ernesto,Moreno,Hassan,,Movimiento Liberal Republicano Nacionalista,MOLIRENA,,,,
8-8,Judy,Meana,Barrera,,,Movimiento Liberal Republicano Nacionalista,MOLIRENA,,,,
8-8,Olimpo,Anibal,Saez,Marcuci,,Movimiento Liberal Republicano Nacionalista,MOLIRENA,,,,
8-8,Sandra,Lilith,Aguilar,Hernández de Aguirre,,Movimiento Liberal Republicano Nacionalista,MOLIRENA,,,,
8-8,Joaquin,Alberto,Arias,Eskildsen,,Movimiento Liberal Republicano Nacionalista,MOLIRENA,,,,
8-8,Luis,Antonio,Platero,RodríGuez,,Movimiento Liberal Republicano Nacionalista,MOLIRENA,,,,
8-9,Tito,,Rodriguez,Mena,,Movimiento Liberal Republicano Nacionalista,MOLIRENA,,,,
9-1,Itzel,Emir,Torrazza,de León de Jaen,,Movimiento Liberal Republicano Nacionalista,MOLIRENA,,,,
9-1,Alvaro,Alexander,Alvarez,Bradvica,,Movimiento Liberal Republicano Nacionalista,MOLIRENA,,,,
10-1,Enrique,,Garrido,Arosemena,,Movimiento Liberal Republicano Nacionalista,MOLIRENA,,,,
1-1,Domingo,,Palacio,,,Frente Amplio por la Democracia,FAD,,,,
2-2,Reinaldo,,Garces,Bethancourth,,Frente Amplio por la Democracia,FAD,,,,
2-4,Cesar,Antonio,Castro,,,Frente Amplio por la Democracia,FAD,,,,
3-1,Victoriano,,Andrade,Solis,,Frente Amplio por la Democracia,FAD,,,,
3-1,Ruben,,Ortega,Barlanoa,,Frente Amplio por la Democracia,FAD,,,,
3-1,Veyra,Jaelis,Adams,Smith,,Frente Amplio por la Democracia,FAD,,,,
3-2,Jose,Camilo,de Gracia,Castillo,,Frente Amplio por la Democracia,FAD,,,,
5-2,Luis,Candelario,Sousa,Sabugara,,Frente Amplio por la Democracia,FAD,,,,
8-1,Armando,Ariel,Noriega,,,Frente Amplio por la Democracia,FAD,,,,
8-1,Marcos,Antonio,Guzman,Torres,,Frente Amplio por la Democracia,FAD,,,,
8-1,Rolando,Ivan,Lañas,Murillo,,Frente Amplio por la Democracia,FAD,,,,
8-6,Nolberto,,Valencia,Pineda,,Frente Amplio por la Democracia,FAD,,,,
8-6,Juan,Demostenes,Rosero,Carrasquilla,,Frente Amplio por la Democracia,FAD,,,,
8-6,Pablo,Emilio,Castilla,Valenzuela,,Frente Amplio por la Democracia,FAD,,,,
8-6,Genaro,,Lopez,Rodriguez,,Frente Amplio por la Democracia,FAD,,,,
8-6,Rita,Aida,Rodriguez,Espinosa de Moyano,,Frente Amplio por la Democracia,FAD,,,,
8-7,Ronaldo,Federico,Ortiz,Escartin,,Frente Amplio por la Democracia,FAD,,,,
8-7,Jose,Luis,Sanchez,Cuesta,,Frente Amplio por la Democracia,FAD,,,,
8-7,Macario,Concepcion,Rodriguez,,,Frente Amplio por la Democracia,FAD,,,,
8-8,Argelis,Maridena,Ospino,Batista de González,,Frente Amplio por la Democracia,FAD,,,,
8-8,Norma,Priscila,Vasquez,Jaramillo de Arauz,,Frente Amplio por la Democracia,FAD,,,,
8-8,Pablo,,de León,López,,Frente Amplio por la Democracia,FAD,,,,
8-9,Roberto,Jesús,Lucero,Núñez,,Frente Amplio por la Democracia,FAD,,,,
8-9,Luis,,Gonzalez,Marin,,Frente Amplio por la Democracia,FAD,,,,
8-10,Antonio,Alberto,Vargas,de León,,Frente Amplio por la Democracia,FAD,,,,
8-10,Victor,Hugo,Barrera,Iturralde,,Frente Amplio por la Democracia,FAD,,,,
9-1,Edgardo,Alexander,Abrego,Abrego,,Frente Amplio por la Democracia,FAD,,,,
10-1,Aristides,,Alba,Andreve,,Frente Amplio por la Democracia,FAD,,,,
10-2,Anacleto,,Morris,Luis,,Frente Amplio por la Democracia,FAD,,,,
12-1,Celio,,Guerra,Guerra,,Frente Amplio por la Democracia,FAD,,,,
12-2,Bernardo,,Sitton,Bejerano,,Frente Amplio por la Democracia,FAD,,,,
1-1,Itzel,del Carmen,Villarreal,Bustos de Vargas,,Libre Postulación,IND,,,,
1-1,Abdiel,Santiago,Nuñez,,,Libre Postulación,IND,,,,
1-1,Bayardo,,Martinez,Guadamuz,,Libre Postulación,IND,,,,
2-1,Victor,Octavio,Carles,Matos,,Libre Postulación,IND,,,,
2-1,David,Octavio,Olmedo,Ortega,,Libre Postulación,IND,,,,
2-3,Samuel,Antonio,Guardia,Garcia,,Libre Postulación,IND,,,,
2-4,Angel,Santos,Campos,Avila,,Libre Postulación,IND,,,,
2-4,Isabel,Florida,González,Trejos,,Libre Postulación,IND,,,,
2-4,Albin,Alberto,Bultron,Portugal,,Libre Postulación,IND,,,,
3-1,Luis,Antonio,Castro,Garibaldi,,Libre Postulación,IND,,,,
3-1,Dominico,del Carmen,Medina,Silgado,,Libre Postulación,IND,https://twitter.com/nikitomedina19,,,http://nikito19.com/index.php/issues/quien-soy/
3-1,Karen,Joann,Amaya,Melo,,Libre Postulación,IND,,,,
3-2,Mario,Alberto,Figueroa,Cuellar,,Libre Postulación,IND,,,,
3-2,Jaime,,Avila,de la Rosa,,Libre Postulación,IND,,,,
4-1,Francisco,,Troya,Aguirre,,Libre Postulación,IND,,,,
4-1,Samuel,,Samudio,Quintero,,Libre Postulación,IND,,,,
4-1,Yarielis,Ilka,Garcia,Montenegro,,Libre Postulación,IND,,,,
4-2,Joel,Omar,Lezcano,Martinez,,Libre Postulación,IND,,,,
4-2,Aldemaro,Alfredo,Atencio,Guerrero,,Libre Postulación,IND,,,,
4-2,Manuel,Salvador,Moreno,Villarreal,,Libre Postulación,IND,,,,
4-3,Senen,,de la Torre,Beitia,,Libre Postulación,IND,,,,
4-4,Luis,Alberto,Bonilla,,,Libre Postulación,IND,,,,
4-4,Virgilio,Daniel,Morales,,,Libre Postulación,IND,,,,
4-5,Alfonso,Zhang,Mou,Tse,,Libre Postulación,IND,https://twitter.com/AlfonsoMou,,,
4-5,Rafael,,Rivera,Cianca,,Libre Postulación,IND,,,,
4-5,Roderick,Frank,Tedman,Mac Intyre,,Libre Postulación,IND,,,,
5-1,Dalila,,Mosquera,Moreno,,Libre Postulación,IND,,,,
5-1,Pedro,Enill,Barria,Rodriguez,,Libre Postulación,IND,,,,
5-2,Roberto,Bernardo,Morgan,,,Libre Postulación,IND,,,,
5-2,Jose,Angel,Hernandez,Ortiz,,Libre Postulación,IND,,,,
5-2,Franklin,Rolando,Quintero,Reyes,,Libre Postulación,IND,,,,
6-1,Charlie,Roberto,Barragan,de Gracia,,Libre Postulación,IND,,,,
6-1,Raul,,Cerda,Quintero,,Libre Postulación,IND,,,,
6-1,Nestor,,Perez,Osorio,,Libre Postulación,IND,,,,
6-2,Jose,Concepcion,Pinto,Escobar,,Libre Postulación,IND,,,,
6-2,Hector,Aristides,Azcarraga,Quintero,,Libre Postulación,IND,,,,
6-2,Candido,Alberto,Trejo,Dominguez,,Libre Postulación,IND,,,,
6-3,Dario,Manuel,Marin,Ocaña,,Libre Postulación,IND,,,,
6-3,Dorindo,,Espinosa,Barria,,Libre Postulación,IND,,,,
6-3,Roderick,,Arroyo,Escobar,,Libre Postulación,IND,,,,
7-1,Mario,Roman,Penna,Castro,,Libre Postulación,IND,,,,
7-1,Nelson,Javier,Cedeño,Frias,,Libre Postulación,IND,,,,
7-2,Alvaro,Bolivar,Solanilla,Bethancourt,,Libre Postulación,IND,,,,
7-2,Alex,Rosevelt,Escobar,Escobar,,Libre Postulación,IND,,,,
7-2,Cristhian,Rene,Cedeño,Vasquez,,Libre Postulación,IND,,,,
8-1,Roberto,Carlos,Donado,Rodriguez,,Libre Postulación,IND,,,,
8-1,Abdiel,Enrique,Gonzalez,Tejeira,,Libre Postulación,IND,,,,
8-1,Daniel,Fernando,Reyes,Bernal,,Libre Postulación,IND,,,,
8-2,Giovani,Marcel,Miranda,Chong,,Libre Postulación,IND,https://twitter.com/gmiranda507,,,
8-2,Eduardo,Enrique,Vasquez,Gutierrez,,Libre Postulación,IND,,,,
8-2,Giovanna,Gioconda,Graziadei,Espino,,Libre Postulación,IND,,,,
8-3,Enrique,Alberto,Florez,Armstrong,,Libre Postulación,IND,,,,
8-3,Manuel,de Jesús,Álvarez,Cedeño,,Libre Postulación,IND,,,,
8-3,Arturo,Bolivar,Arauz,Urriola,,Libre Postulación,IND,,,,
8-4,Bernardo,Antonio,Ramos,Hernandez,,Libre Postulación,IND,,,,
8-4,Gustavo,Alfonso,Pinzon,Victoria,,Libre Postulación,IND,,,,
8-5,Cesar,Augusto,Herrera,Robles,,Libre Postulación,IND,,,,
8-5,Doris,,Leudo,Sugasty,,Libre Postulación,IND,,,,
8-5,Laura,,Gonzalez,,,Libre Postulación,IND,,,,
8-5,Luis,Aristides,Lasso,Potes,,Libre Postulación,IND,,,,
8-5,Carlos,Augusto,Espinosa,Barrios,,Libre Postulación,IND,,,,
8-6,Juan,Diego,Vasquez,Gutierrez,contacto@juandiegovasquez.com,Libre Postulación,IND,https://twitter.com/JuanDiegoV31,,,http://juandiegovasquez.com
8-6,Manuel,,Alexander,Colina,,Libre Postulación,IND,,,,
8-6,Luis,Eduardo,Sagel,García,,Libre Postulación,IND,,,,
8-6,Anel,Alberto,Cedeño,Figueroa,,Libre Postulación,IND,,,,
8-6,Hector,Emilio,Rodriguez,Ureña,,Libre Postulación,IND,,,,
8-6,Irene,Esther,Brown,Chavarria,,Libre Postulación,IND,,,,
8-6,Isidoro,,Flores,Rodriguez,,Libre Postulación,IND,,,,
8-6,Vladimir,,Gomez,Aparicio,,Libre Postulación,IND,,,,
8-6,Vianca,Ivet,Arias,Jurado de Baloco,,Libre Postulación,IND,,,,
8-7,Gabriel,Eduardo,Silva,Vignoli,movimientosilva@gmail.com,Libre Postulación,IND,https://twitter.com/GabrielSilvaGSV,,,http://gabrielsilva2019.com
8-7,Ingrid,,Perscky,Arravanti,,Libre Postulación,IND,,,,
8-7,Eduardo,Abel,Espino,Lopez,,Libre Postulación,IND,,,,
8-7,Mario,Antonio,Harding,Sanchez,,Libre Postulación,IND,,,,
8-7,Linda,Lizeth,Loo,Guerra de Lee,,Libre Postulación,IND,,,,
8-7,Elias,,Lopez,Alvarez,,Libre Postulación,IND,,,,
8-7,Felix,,Wing,Solis,,Libre Postulación,IND,,,,
8-8,Raúl,A.,Fernandez,de Marco,,Libre Postulación,IND,,,,
8-8,Andre,Bolivar,Conte,S.,,Libre Postulación,IND,,,,
8-8,Michel,F.,Clua,del Rivero,,Libre Postulación,IND,,,,
8-8,Jean,Carlos,Gonzalez,Remond,,Libre Postulación,IND,,,,
8-8,Edison,Augusto,Broce,Urriola,,Libre Postulación,IND,https://twitter.com/EdisonBroce,,,https://www.edisonbroce.com
8-8,Ildefonso,,Suira,Franco,,Libre Postulación,IND,,,,
8-8,Mark,Marcel,Harrick,Atie,,Libre Postulación,IND,https://twitter.com/markharrickatie,,,https://sumate.markharrickatie.com
8-8,Milton,,Bartlett,Moran,,Libre Postulación,IND,,,,
8-8,Andres,Miguel,Culiolis,Mendoza,,Libre Postulación,IND,,,,
8-8,Diego,Enrique,Fernandez,Rodriguez,,Libre Postulación,IND,,,,
8-9,Luis,Antonio,Aldeano,Ortiz,luis@aduanaldeano.com,Libre Postulación,IND,https://twitter.com/luisantonio1423,,,
8-9,Alexis,,Jimenez,Oliva,,Libre Postulación,IND,,,,
8-9,Andrés,,Álvarez,Rueda,,Libre Postulación,IND,,,,
8-9,Yessickam,,Carrera,,,Libre Postulación,IND,,,,
8-9,Ricardo,,García,,,Libre Postulación,IND,,,,
8-10,Alberto,Eliecer,Rodriguez,Gomez,,Libre Postulación,IND,,,,
8-10,Rosemary,,Barrios,Olmos de Gutiérrez,,Libre Postulación,IND,,,,
8-10,Jose,Ivan,Cadogan,Melgarejo,,Libre Postulación,IND,,,,
8-10,Daniel,Eduardo,Chami,Cabrera,,Libre Postulación,IND,,,,
9-1,Mara,Alicia,Bonilla,Quintero de Blandon,,Libre Postulación,IND,,,,
9-1,Omar,Alberto,Spiegel,Lopez,,Libre Postulación,IND,,,,
9-1,Humberto,Antonio,Torres,Moreno,,Libre Postulación,IND,,,,
9-2,Florencio,Pastor,Rujano,Bonilla,,Libre Postulación,IND,,,,
9-2,Tomas,Gabriel,Benavides,Aguilar,,Libre Postulación,IND,,,,
9-3,Israel,,Castillo,Salazar,,Libre Postulación,IND,,,,
9-4,Horlando,de Jesús,Pimentel,Montilla,,Libre Postulación,IND,,,,
10-2,Rogelio,Alba,Filos,,,Libre Postulación,IND,,,,
12-1,Lucila,,Smith,Palacio,,Libre Postulación,IND,,,,
12-2,Adan,,Bejerano,Rios,,Libre Postulación,IND,,,,
12-2,Edilberto,Montezuma,Cueva,,,Libre Postulación,IND,,,,
12-2,Alba,Yaneth,Pedrol,Amador,,Libre Postulación,IND,,,,
12-3,Gertrudis,,Rodriguez,Degracia,,Libre Postulación,IND,,,,
12-3,Adalberto,Montezuma,Montero,,,Libre Postulación,IND,,,,
12-3,Evangelisto,,Acosta,Mendoza,,Libre Postulación,IND,,,,